code,name,network_id,network_region,units,location.lat,location.lng
ADP,Adelaide Desalination,NEM,SA,"{'ADPPV1': 'Solar', 'ADPPV2': 'Solar', 'ADPPV3': 'Solar', 'ADPBA1G': 'Battery', 'ADPBA1L': 'Battery', 'ADPBA1': 'Battery'}",-35.096948,138.484061
ALDGASF,Aldoga,NEM,QLD,{'ALDGASF1': 'Solar'},-23.839544,151.0849
AMCORGR,Amcor Glass,NEM,SA,{'AMCORGR': 'distillate'},-34.882663,138.577975
ANGASTON,Angaston,NEM,SA,"{'ANGAS2': 'distillate', 'ANGAS1': 'distillate', 'ANGAST1': 'distillate'}",-34.503948,139.024296
APS,Anglesea,NEM,VIC,{'APS': 'Coal'},-38.389031,144.180589
APPIN,Appin,NEM,NSW,{'APPIN': 'Gas'},-34.210868,150.792711
ARWF,Ararat,NEM,VIC,{'ARWF1': 'Wind'},-37.263393,143.082116
AVLSF,Avonlie,NEM,NSW,{'AVLSF1': 'Solar'},-34.919115,146.60954
AWABAREF,Awaba,NEM,NSW,{'AWABAREF': 'Bioenergy'},-33.023339,151.551228
DEIBDL,Bairnsdale,NEM,VIC,"{'BDL01': 'Gas', 'BDL02': 'Gas'}",-37.842231,147.563725
BAKING,Baking Board,NEM,QLD,{'BAKING1': 'Solar'},-26.721166,150.55417
BHWF,Bald Hills,NEM,VIC,{'BALDHWF1': 'Wind'},-38.758189,145.956062
BALBESS,Ballarat,NEM,VIC,"{'BALBG1': 'Battery', 'BALBL1': 'Battery', 'BALB1': 'Battery'}",-37.567452,143.852741
BBASEHOS,Ballarat Hospital,NEM,VIC,{'BBASEHOS': 'Gas'},-37.558774,143.847247
BANGOWF,Bango,NEM,NSW,"{'BANGOWF1': 'Wind', 'BANGOWF2': 'Wind'}",-34.767208,148.921499
BAPS,Banimboola,NEM,VIC,{'BAPS': 'Hydro'},-36.534524,147.459788
BANKSPT,Bankstown Sports Club,NEM,NSW,{'BANKSPT1': 'distillate'},-33.919998,151.033742
BANNSP,Bannerton,NEM,VIC,{'BANN1': 'Solar'},-34.67263,142.750362
BARCALDN,Barcaldine,NEM,QLD,{'BARCALDN': 'Gas'},-23.552171,145.314851
BARCSF,Barcaldine,NEM,QLD,{'BARCSF1': 'Solar'},-23.547333,145.318972
BARKIPS,Barker Inlet,NEM,SA,{'BARKIPS1': 'Gas'},-34.804,138.524
BARRON,Barron Gorge,NEM,QLD,"{'BARRON-1': 'Hydro', 'BARRON-2': 'Hydro'}",-16.85077,145.647049
BASTYAN,Bastyan,NEM,TAS,{'BASTYAN': 'Hydro'},-41.736231,145.531589
BAYSW,Bayswater,NEM,NSW,"{'BW03': 'Coal', 'BW01': 'Coal', 'BW02': 'Coal', 'BW04': 'Coal'}",-32.393502,150.953963
BBDISEL1,Bell Bay,NEM,TAS,{'BBDISEL1': 'distillate'},-41.127009,146.874083
BELLBAY,Bell Bay,NEM,TAS,"{'BELLBAY2': 'Gas', 'BELLBAY1': 'Gas'}",-41.141944,146.9025
BBP31,Bell Bay Three,NEM,TAS,"{'BBTHREE1': 'Gas', 'TVPP104': 'Gas', 'BBTHREE2': 'Gas', 'BBTHREE3': 'Gas'}",-41.139324,146.905522
BRYB1WF1,Berrybank,NEM,VIC,"{'BRYB2WF2': 'Wind', 'BRYB1WF1': 'Wind'}",-37.980741,143.472217
BERWICK,Berwick,NEM,VIC,{'BERWICK': 'Bioenergy'},-37.940819,145.236257
BERYLSF,Beryl,NEM,NSW,{'BERYLSF1': 'Solar'},-32.347501,149.460738
BIALAWF,Biala,NEM,NSW,{'GULLRWF2': 'Wind'},-34.587836,149.369848
BLAYNEY,Blayney,NEM,NSW,{'BLAYNEY': 'Wind'},-33.621944,149.198333
SNOWY6,Blowering,NEM,NSW,"{'BLOWERNG': 'Hydro', 'SNOWY6': 'Hydro'}",-35.397402,148.247225
BLUEGSF,Blue Grass,NEM,QLD,{'BLUEGSF1': 'Solar'},-26.691708,150.500037
BLULAKE,Blue Lake Milling,NEM,SA,{'BLULAKE1': 'distillate'},-36.316597,140.757571
BLYTHB,Blyth,NEM,SA,"{'BLYTHB1': 'Battery', 'BLYTHB1L1': 'Battery', 'BLYTHB1G1': 'Battery'}",-33.848475,138.403204
BOCOROCK,Boco Rock,NEM,NSW,{'BOCORWF1': 'Wind'},-36.574527,149.124863
BODWF,Bodangora,NEM,NSW,{'BODWF1': 'Wind'},-32.407128,149.04133
MCKAY,Bogong / Mackay,NEM,VIC,"{'MCKAY1': 'Hydro', 'MCKAY2': 'Hydro'}",-36.805471,147.227845
BOLIVAR,Bolivar,NEM,SA,"{'BOWWBA1G': 'Battery', 'BOWWBA1': 'Battery', 'BOWWBA1L': 'Battery', 'BOWWPV1': 'Solar', 'BOLIVAR1': 'Bioenergy'}",-34.495482,138.387641
BOLIVPS,Bolivar,NEM,SA,{'BOLIVPS1': 'Gas'},-34.7772,138.5826
BOMENSF,Bomen,NEM,NSW,{'BOMENSF1': 'Solar'},-35.0486,147.4439
0BCWF,Boulder Creek,NEM,QLD,{'0BCWF1': 'Wind'},-23.669964,150.260813
BBATTERY,Bouldercombe,NEM,QLD,"{'BBATRYL1': 'Battery', 'BBATTERY1': 'Battery', 'BBATTERY': 'Battery'}",-23.563443,150.459658
BRAEMARA,Braemar,NEM,QLD,"{'BRAEMAR2': 'Gas', 'BRAEMAR1': 'Gas', 'BRAEMAR3': 'Gas'}",-27.111669,150.907647
B2PS,Braemar 2,NEM,QLD,"{'BRAEMAR7': 'Gas', 'BRAEMAR5': 'Gas', 'BRAEMAR6': 'Gas'}",-27.109873,150.907653
BRNDBES,Brendale,NEM,QLD,"{'BRNDBESL1': 'Battery', 'BRNDBESG1': 'Battery', 'BRNDBES1': 'Battery'}",-27.329333,152.974384
BROADMDW,Broadmeadows,NEM,VIC,{'BROADMDW': 'Bioenergy'},-37.685081,144.966114
0BSSF,Broadsound,NEM,QLD,"{'0BSBESS1': 'Battery', '0BSBESSL1': 'Battery', '0BSBESSG1': 'Battery', '0BSSF1': 'Solar'}",-22.810001,149.36302
BWTR1,Broadwater,NEM,NSW,{'BWTR1': 'Bioenergy'},-29.016483,153.445756
BHILLGT,Broken Hill,NEM,NSW,{'GB01': 'distillate'},-31.986313,141.42062
BROKENH,Broken Hill,NEM,NSW,{'BROKENH1': 'Solar'},-31.988905,141.391547
BHB,Broken Hill Battery,NEM,NSW,"{'BHBL1': 'Battery', 'BHBG1': 'Battery', 'BHB1': 'Battery'}",-31.9863,141.4204
BROOKLYN,Brooklyn,NEM,VIC,{'BROOKLYN': 'Bioenergy'},-37.818597,144.828492
BROWNMT,Brown Mountain,NEM,NSW,{'BROWNMT': 'Hydro'},-36.594993,149.473997
BPLANDF,Browns Plains,NEM,QLD,{'BPLANDF1': 'Bioenergy'},-27.674584,153.068499
0WELLINGTONBESS,Bulabul,NEM,NSW,"{'0BULABULB1': 'Battery', '0BULABULG1': 'Battery', '0BULABULL1': 'Battery'}",-32.530355,148.969343
BULGANA,Bulgana Green Power Hub,NEM,VIC,"{'BULBESL1': 'Battery', 'BULBESG1': 'Battery', 'BULGANA1': 'Wind', 'BULBES1': 'Battery'}",-37.039507,142.982799
0BUNDSF,Bundaberg,NEM,QLD,{'0BUNDSF': 'Solar'},-24.943515,152.020698
BNGSF1,Bungala One,NEM,SA,{'BNGSF1': 'Solar'},-32.423316,137.841798
BNGSF2,Bungala Two,NEM,SA,{'BNGSF2': 'Solar'},-32.406993,137.840933
0BUNGAMA,Bungama,NEM,SA,"{'0BUNGAMABESS': 'Battery', '0BUNGAMABESSL1': 'Battery', '0BUNGAMABESSG1': 'Battery'}",-33.191223,138.08733
BDONGHYD,Burrendong,NEM,NSW,{'BDONGHYD': 'Hydro'},-32.664647,149.108016
BURRIN,Burrinjuck,NEM,NSW,{'BURRIN': 'Hydro'},-35.003532,148.579891
BUTLERSG,Butlers Gorge,NEM,TAS,{'BUTLERSG': 'Hydro'},-42.267107,146.262127
0CALBESS1,Calala 1,NEM,NSW,"{'0CALBESS1': 'Battery', '0CALBESSL1': 'Battery', '0CALBESSG1': 'Battery'}",-31.141287,150.963101
0CALBESS2,Calala 2,NEM,NSW,"{'0CALBESS2': 'Battery', '0CALBESSL2': 'Battery', '0CALBESSG2': 'Battery'}",-31.141287,150.963101
CALL_A,Callide A,NEM,QLD,"{'CALL_A_2': 'Coal', 'CALL_A_4': 'Coal', 'CALL_A_1': 'Coal', 'CALL_A_3': 'Coal'}",-24.333169,150.626322
CALL_B,Callide B,NEM,QLD,"{'CALL_B_2': 'Coal', 'CALL_B_1': 'Coal'}",-24.333169,150.626322
CALLIDEC1,Callide C,NEM,QLD,"{'CPP_4': 'Coal', 'CPP_3': 'Coal'}",-24.347222,150.608611
CANUNDA1,Canunda,NEM,SA,{'CNUNDAWF': 'Wind'},-37.698303,140.383633
CAPBES,Capital,NEM,NSW,"{'CAPBES1': 'Battery', 'CAPBES1L': 'Battery', 'CAPBES1G': 'Battery'}",-35.339434,149.216065
CAPTL_WF,Capital,NEM,NSW,{'CAPTL_WF': 'Wind'},-35.123534,149.500249
CESF,Capital East,NEM,NSW,{'CESF1': 'Solar'},-35.180684,149.546482
LI_WY_CA,Catagunya / Liapootah / Wayatinah,NEM,TAS,"{'LI_WY_CA': 'Hydro', 'CATAGUN1': 'distillate'}",-42.376131,146.509824
CATHROCK,Cathedral Rocks,NEM,SA,{'CATHROCK': 'Wind'},-34.848741,135.592649
CTHLWF,Cattle Hill,NEM,TAS,{'CTHLWF1': 'Wind'},-42.154845,146.694693
CETHANA,Cethana,NEM,TAS,{'CETHANA': 'Hydro'},-41.479852,146.134472
CHALLWF,Challicum Hills,NEM,VIC,{'CHALLHWF': 'Wind'},-37.395466,143.10459
CHPSTWF,Chepstowe,NEM,VIC,{'CHPSTWF1': 'Wind'},-37.596503,143.499582
CHYTWF,Cherry Tree,NEM,VIC,{'CHYTWF1': 'Wind'},-37.1018,145.2656
CHILDSF,Childers,NEM,QLD,{'CHILDSF1': 'Solar'},-25.295027,152.403674
CHBESS,Chinchilla,NEM,QLD,"{'CHBESSG1': 'Battery', 'CHBESSL1': 'Battery', 'CHBESS1': 'Battery'}",-26.918551,150.745399
CBWWBA,Christies Beach,NEM,SA,"{'CBWWBA1': 'Battery', 'CBWWBA1L': 'Battery', 'CBWWPV1': 'Solar', 'CBWWBA1G': 'Battery', 'CBWWBG1': 'Bioenergy', 'CBWWDG1': 'distillate', 'CBWWDG2': 'distillate', 'CBWWPV2': 'Solar'}",-35.125958,138.47135
CLARESF,Clare,NEM,QLD,{'CLARESF1': 'Solar'},-19.83977,147.21055
CLRKCWF,Clarke Creek,NEM,QLD,"{'CLRKCWF2': 'Wind', 'CLRKCWF1': 'Wind'}",-22.850446,149.453252
CLAYTON,Clayton,NEM,VIC,{'CLAYTON': 'Bioenergy'},-37.950618,145.119681
CLEMGPWF,Clements Gap,NEM,SA,"{'CLEMGPWF': 'Wind', '0CLEMGPBESS': 'Battery', '0CLEMGPBESSG1': 'Battery', '0CLEMGPBESSL1': 'Battery'}",-33.489773,138.111695
CLERMSF,Clermont,NEM,QLD,{'CLERMSF1': 'Solar'},-22.839406,147.546031
CLOVER,Clover,NEM,VIC,"{'CLOVER1': 'Hydro', 'CLOVER2': 'Hydro', 'CLOVER': 'Hydro'}",-36.78515,147.219517
CLUNY,Cluny,NEM,TAS,{'CLUNY': 'Hydro'},-42.506229,146.681123
CODRGTON,Codrington,NEM,VIC,{'CODRNGTON': 'Wind'},-38.282875,141.95496
COHUNSF1,Cohuna,NEM,VIC,{'COHUNSF1': 'Solar'},-35.880317,144.221531
COLEASF,Coleambally,NEM,NSW,{'COLEASF1': 'Solar'},-34.759494,145.92984
COLWF01,Collector,NEM,NSW,{'COLWF01': 'Wind'},-34.823879,149.396795
COLNSV,Collinsville,NEM,QLD,"{'COLNSV_5': 'Coal', 'COLNSV_1': 'Coal', 'COLNSV_2': 'Coal', 'COLNSV_3': 'Coal', 'COLNSV_4': 'Coal'}",-20.543333,147.806944
CSPVPS,Collinsville,NEM,QLD,{'CSPVPS1': 'Solar'},-20.55714,147.820552
COLONGRA,Colongra,NEM,NSW,"{'CG3': 'Gas', 'CG2': 'Gas', 'CG1': 'Gas', 'CG4': 'Gas'}",-33.208781,151.54354
COLUMSF,Columboola,NEM,QLD,{'COLUMSF1': 'Solar'},-26.636088,150.28221
CPSA,Condamine A,NEM,QLD,{'CPSA': 'Gas'},-26.666673,150.268581
CONDONG1,Condong,NEM,NSW,{'CONDONG1': 'Bioenergy'},-28.314766,153.433808
CBWF,Coonoer Bridge,NEM,VIC,{'CBWF1': 'Wind'},-36.472722,143.322039
COOPGWF,Coopers Gap,NEM,QLD,{'COOPGWF1': 'Wind'},-26.717004,151.449177
COPTNHYD,Copeton,NEM,NSW,{'COPTNHYD': 'Hydro'},-29.907544,150.930235
CORIO,Corio,NEM,VIC,{'CORIO1': 'Bioenergy'},-38.059048,144.404905
CRWASF1,Corowa,NEM,NSW,{'CRWASF1': 'Solar'},-35.98629,146.361456
CROOKWEL,Crookwell,NEM,NSW,{'CROOKWEL': 'Wind'},-34.5165,149.54248
CROOKWF2,Crookwell 2,NEM,NSW,{'CROOKWF2': 'Wind'},-34.547676,149.589254
CROOKWF3,Crookwell 3,NEM,NSW,{'CROOKWF3': 'Wind'},-34.484645,149.54447
CROWLWF,Crowlands,NEM,VIC,{'CROWLWF1': 'Wind'},-36.97615,143.097998
CRURWF1,Crudine Ridge,NEM,NSW,{'CRURWF1': 'Wind'},-32.864748,149.81297
CULCSF,Culcairn,NEM,NSW,{'CUSF1': 'Solar'},-35.709592,146.981761
CULLERIN,Cullerin Range,NEM,NSW,{'CULLRGWF': 'Wind'},-34.750995,149.381027
DAANDINE,Daandine,NEM,QLD,{'DAANDINE': 'Gas'},-27.086294,150.942528
DALNTH,Dalrymple North,NEM,SA,"{'DALNTH1': 'Battery', 'DALNTH01': 'Battery', 'DALNTHL1': 'Battery'}",-34.888446,137.758114
DDPS1,Darling Downs,NEM,QLD,{'DDPS1': 'Gas'},-27.116851,150.895391
DDSF,Darling Downs,NEM,QLD,{'DDSF1': 'Solar'},-27.112,150.8819
DARLSF,Darlington Point,NEM,NSW,{'DARLSF1': 'Solar'},-34.644808,146.035756
DPNTB,Darlington Point,NEM,NSW,"{'DPNTBG1': 'Battery', 'DPNTBL1': 'Battery', 'DPNTB1': 'Battery'}",-34.646668,146.034982
DARTM,Dartmouth,NEM,VIC,{'DARTM1': 'Hydro'},-36.55529,147.519872
DAYDSF,Daydream,NEM,QLD,{'DAYDSF1': 'Solar'},-20.512804,147.691968
DEVILS_G,Devils Gate,NEM,TAS,{'DEVILS_G': 'Hydro'},-41.349925,146.262709
DIAPURWF,Diapur 2,NEM,VIC,{'DIAPURWF1': 'Wind'},-36.339953,141.447361
DRYCGT,Dry Creek,NEM,SA,"{'DRYCGT3': 'Gas', 'DRYCGT2': 'Gas', 'DRYCGT1': 'Gas'}",-34.847293,138.582297
DULAWF,Dulacca,NEM,QLD,{'DULAWF1': 'Wind'},-26.637485,149.870186
DUNDWF,Dundonnell,NEM,VIC,"{'DUNDWF3': 'Wind', 'DUNDWF2': 'Wind', 'DUNDWF1': 'Wind'}",-37.863894,142.943454
PMATTAEP,Earthpower,NEM,NSW,{'PMATTAEP': 'Gas'},-33.824397,151.042142
EASTCRK,Eastern Creek,NEM,NSW,{'EASTCRK': 'Bioenergy'},-33.815468,150.854307
EASTCRK2,Eastern Creek 2,NEM,NSW,{'EASTCRK2': 'Bioenergy'},-33.815468,150.854307
EDENVSF,Edenvale,NEM,QLD,{'EDENVSF1': 'Solar'},-26.947486,150.578494
EILDON,Eildon,NEM,VIC,"{'EILDON1': 'Hydro', 'EILDON2': 'Hydro'}",-37.221262,145.920966
EILDONPD,Eildon,NEM,VIC,{'EILDON3': 'Hydro'},-37.221774,145.922582
ELAINEWF,Elaine,NEM,VIC,{'ELAINWF1': 'Wind'},-37.6352,144.0237
EMERASF,Emerald,NEM,QLD,{'EMERASF1': 'Solar'},-23.50879,148.128017
ENERGYB,Energy Brix,NEM,VIC,"{'MOR1': 'Coal', 'MOR2': 'Coal', 'MOR3': 'Coal'}",-38.254444,146.413611
ERARING,Eraring,NEM,NSW,"{'ER01': 'Coal', 'ER02': 'Coal', 'ER03': 'Coal', 'ER04': 'Coal'}",-33.061548,151.524612
ERB,Eraring,NEM,NSW,"{'ERBG01': 'Battery', 'ERB01': 'Battery', 'ERBL01': 'Battery'}",-33.066837,151.515026
ERGT01,Eraring,NEM,NSW,{'ERGT01': 'distillate'},-33.062117,151.517224
0ERB2,Eraring 2,NEM,NSW,"{'0ERB201': 'Battery', '0ERB2L1': 'Battery', '0ERB2G1': 'Battery'}",-33.066837,151.515026
FWF,Ferguson,NEM,VIC,"{'FNWF1': 'Wind', 'FSWF1': 'Wind'}",-38.610902,143.179321
FINLEYSF,Finley,NEM,NSW,{'FINLYSF1': 'Solar'},-35.64421,145.508644
FISHER,Fisher,NEM,TAS,{'FISHER': 'Hydro'},-41.672662,146.268739
FLYCRKWF,Flyers Creek,NEM,NSW,{'FLYCRKWF': 'Wind'},-33.521475,149.045234
0FULHAMSF,Fulham,NEM,VIC,"{'0FULHAMSF1': 'Solar', '0FULHAMB1': 'Battery', '0FULHAML1': 'Battery', '0FULHAMG1': 'Battery'}",-38.121256,146.973124
GANGARR,Gangarri,NEM,QLD,{'GANGARR1': 'Solar'},-26.254813,149.986704
GANNBESS,Gannawarra,NEM,VIC,"{'GANNBL1': 'Battery', 'GANNB1': 'Battery', 'GANNBG1': 'Battery'}",-33.735056,143.779462
GANNSF,Gannawarra,NEM,VIC,{'GANNSF1': 'Solar'},-35.73,143.7711
GEORGTWN,George Town,NEM,TAS,"{'GEORGTN1': 'distillate', 'GEORGTN2': 'distillate'}",-41.091063,146.893204
GERMCRK,German Creek,NEM,QLD,{'GERMCRK': 'Gas'},-22.928526,148.549097
GIRGSF,Girgarre,NEM,VIC,{'GIRGSF': 'Solar'},-26.2548,149.9867
GSTONE,Gladstone,NEM,QLD,"{'GSTONE1': 'Coal', 'GSTONE4': 'Coal', 'GSTONE3': 'Coal', 'GSTONE6': 'Coal', 'GSTONE5': 'Coal', 'GSTONE2': 'Coal'}",-23.848741,151.220787
GLBWNHYD,Glenbawn,NEM,NSW,{'GLBWNHYD': 'Hydro'},-32.107937,150.999481
0GLENELLEN,Glenellen,NEM,NSW,{'0GLENELLEN': 'Solar'},-35.929882,146.909107
GLENMAGG,Glenmaggie,NEM,VIC,{'GLENMAG1': 'Hydro'},-37.904836,146.800388
GLENNCRK,Glennies Creek,NEM,NSW,{'GLENNCRK': 'Gas'},-32.464343,151.130432
GLENSF,Glenrowan,NEM,VIC,{'GLENSF1': 'Solar'},-36.464,146.221
GLRWNSF,Glenrowan West,NEM,VIC,{'GLRWNSF1': 'Solar'},-36.488083,146.146887
GPWFEST,Golden Plains East,NEM,VIC,"{'GPWFEST3': 'Wind', 'GPWFEST1': 'Wind', 'GPWFEST2': 'Wind'}",-37.9729,143.783
0GPWFWST,Golden Plains West,NEM,VIC,{'0GPWFWST1': 'Wind'},-37.90844,143.664887
GOONUMSF,Goonumbla,NEM,NSW,{'GOONSF1': 'Solar'},-33.106413,148.099274
0GOORESF,Goorambat,NEM,VIC,{'0GOORESF1': 'Solar'},-36.427352,145.918853
GORDON,Gordon,NEM,TAS,"{'GOVILLB1': 'Hydro', 'GORDON': 'Hydro'}",-42.740157,145.983375
0GRIVSF,Goulburn River,NEM,NSW,"{'0GRIVBESS1': 'Battery', '0GRIVBESSG1': 'Battery', '0GRIVBESSL1': 'Battery', '0GRIVSF1': 'Solar'}",-32.282141,150.102488
GSWF,Goyder South,NEM,SA,"{'GSWF1B1': 'Wind', 'GSWF1A': 'Wind'}",-33.682196,138.936249
GRANGEAV,Grange Avenue,NEM,NSW,{'GRANGEAV': 'Bioenergy'},-33.713011,150.83316
GRANWF,Granville Harbour,NEM,TAS,{'GRANWF1': 'Wind'},-41.802,145.056
GREENB,Greenbank,NEM,QLD,"{'GREENB1L1': 'Battery', 'GREENB1G1': 'Battery', 'GREENB1': 'Battery'}",-27.733562,152.955042
GRIFSF,Griffith,NEM,NSW,{'GRIFSF1': 'Solar'},-34.317414,146.120739
GROSV1,Grosvenor 1,NEM,QLD,{'GROSV1': 'Gas'},-21.929194,148.032416
GROSV2,Grosvenor 2,NEM,QLD,{'GROSV2': 'Gas'},-21.929194,148.032416
GULLRGWF,Gullen Range,NEM,NSW,"{'GULLRSF1': 'Solar', 'GULLRWF1': 'Wind'}",-34.624512,149.458549
GNNDHSF,Gunnedah,NEM,NSW,{'GNNDHSF1': 'Solar'},-30.965469,150.367917
GUNNING,Gunning,NEM,NSW,{'GUNNING1': 'Wind'},-34.676361,149.66443
0GUNSYNDSF,Gunsynd,NEM,QLD,{'0GUNSYNDSF': 'Solar'},-28.408388,150.343437
SNOWY3,Guthega,NEM,NSW,"{'GUTHEGA': 'Hydro', 'SNOWY3': 'Hydro'}",-36.349772,148.41403
HLMSEW01,Hallam,NEM,VIC,{'HLMSEW01': 'Hydro'},-38.143332,145.119964
HALAMRD,Hallam Road,NEM,VIC,{'HALAMRD1': 'Bioenergy'},-38.052181,145.267798
AGLHAL,Hallett,NEM,SA,{'AGLHAL': 'Gas'},-33.34931,138.752633
HALLWF,Hallett 1,NEM,SA,{'HALLWF1': 'Wind'},-33.328434,138.704669
HALLWF2,Hallett 2,NEM,SA,{'HALLWF2': 'Wind'},-33.53821,138.857215
HAMISF,Hamilton,NEM,QLD,{'HAMISF1': 'Solar'},-20.468593,147.799484
HAMPTON,Hampton,NEM,NSW,{'HAMPTON': 'Wind'},-33.649722,150.05
HVWW,Happy Valley,NEM,SA,"{'HVWWBA1': 'Battery', 'HVWWPV1': 'Solar', 'HVWWBA1G': 'Battery', 'HVWWBA1L': 'Battery'}",-35.063118,138.56476
HASTING,Hastings,NEM,VIC,"{'HASTINGS1': 'Gas', 'HASTINGS2': 'Gas', 'HASTINGS3': 'Gas'}",-38.295952,145.221926
HAUGHT1,Haughton,NEM,QLD,{'HAUGHT11': 'Solar'},-19.732168,147.076137
HD1WF,Hawkesdale,NEM,VIC,{'HD1WF1': 'Wind'},-38.148008,142.360925
HAYMSF,Hayman,NEM,QLD,{'HAYMSF1': 'Solar'},-20.487516,147.744778
HAZEL,Hazelwood,NEM,VIC,"{'HWPS1': 'Coal', 'HWPS2': 'Coal', 'HWPS4': 'Coal', 'HWPS5': 'Coal', 'HWPS6': 'Coal', 'HWPS7': 'Coal', 'HWPS8': 'Coal', 'HWPS3': 'Coal'}",-38.270575,146.389794
HBESS,Hazelwood BESS,NEM,VIC,"{'HBESSG1': 'Battery', 'HBESSL1': 'Battery', 'HBESS1': 'Battery'}",-38.269216,146.394724
HEPWIND,Hepburn,NEM,VIC,{'HEPWIND1': 'Wind'},-37.424555,144.115711
HIGHBRY,Highbury,NEM,SA,{'HIGHBRY1': 'Bioenergy'},,
HILLSTN,Hillston Sun,NEM,NSW,{'HILLSTN1': 'Solar'},-33.532991,145.522279
HORNSDAL,Hornsdale,NEM,SA,{'HDWF1': 'Wind'},-33.05982,138.537673
HORNSDAL2,Hornsdale 2,NEM,SA,{'HDWF2': 'Wind'},-33.05982,138.537673
HORNSDAL3,Hornsdale 3,NEM,SA,{'HDWF3': 'Wind'},-33.05982,138.537673
HORNSDPR,Hornsdale Power Reserve,NEM,SA,"{'HPRL1': 'Battery', 'HPR1': 'Battery', 'HPRG1': 'Battery'}",-33.085519,138.521914
0HORSHAMSF,Horsham,NEM,VIC,"{'0HORSHAMB1': 'Battery', '0HORSHAML1': 'Battery', '0HORSHAMG1': 'Battery', '0HORSHAMSF': 'Solar'}",-36.71577,142.25956
HUGSF,Hughenden,NEM,QLD,{'HUGSF1': 'Solar'},-20.854794,144.186048
HUMENSW,Hume,NEM,NSW,{'HUMENSW': 'Hydro'},-36.106383,147.032263
HUMEV,Hume,NEM,VIC,{'HUMEV': 'Hydro'},-36.106887,147.032572
HUNTER,Hunter,NEM,NSW,"{'HUNTER1': 'Gas', 'HUNTER2': 'Gas'}",-32.793406,151.478353
HEZ,Hunter Economic Zone,NEM,NSW,"{'HEZ1': 'distillate', 'HEZ': 'distillate'}",-32.835481,151.451033
HUNTVGT,Hunter Valley,NEM,NSW,{'HVGTS': 'distillate'},-32.389989,150.965963
INVICTA,Invicta Sugar Mill,NEM,QLD,{'INVICTA': 'Bioenergy'},-19.51579,147.10653
ICSM,Isis Central Sugar Mill,NEM,QLD,{'ICSM': 'Bioenergy'},-25.197619,152.206949
JACKSGUL,Jacks Gully,NEM,NSW,{'JACKSGUL': 'Bioenergy'},-34.072955,150.743691
JEERA,Jeeralang A,NEM,VIC,"{'JLA02': 'Gas', 'JLA03': 'Gas', 'JLA01': 'Gas', 'JLA04': 'Gas'}",-38.275111,146.427046
JEERB,Jeeralang B,NEM,VIC,"{'JLB01': 'Gas', 'JLB02': 'Gas', 'JLB03': 'Gas'}",-38.273845,146.424827
JEMALNG1,Jemalong,NEM,NSW,{'JEMALNG1': 'Solar'},-33.388764,147.669375
JNDSHPS,Jindabyne,NEM,NSW,{'JNDABNE1': 'Hydro'},-36.434918,148.63057
SNWYGJP2,Jindabyne Pump At Guthega,NEM,NSW,"{'SNWYGJP2': 'Hydro', 'SNOWYGJP': 'Hydro'}",-36.434918,148.63057
JBUTTERS,John Butters,NEM,TAS,{'JBUTTERS': 'Hydro'},-42.15589,145.536508
JOUNAMA,Jounama,NEM,NSW,{'JOUNAMA1': 'Hydro'},-35.561274,148.306384
JUNEESF,Junee,NEM,NSW,{'JUNEESF1': 'Solar'},-34.81124,147.572099
KABANWF,Kaban,NEM,QLD,{'KABANWF1': 'Wind'},-17.560606,145.413125
KARSF,Karadoc,NEM,VIC,{'KARSF1': 'Solar'},-34.227904,142.28033
KAREEYA,Kareeya,NEM,QLD,"{'KAREEYA4': 'Hydro', 'KAREEYA3': 'Hydro', 'KAREEYA1': 'Hydro', 'KAREEYA2': 'Hydro', 'KAREEYA5': 'Hydro'}",-17.766456,145.576884
KEEPIT,Keepit,NEM,NSW,{'KEEPIT': 'Hydro'},-30.87868,150.491876
AGLSITA,Kemps Creek,NEM,NSW,{'AGLSITA1': 'Bioenergy'},-33.874591,150.761858
KENNEDY,Kennedy Energy Park,NEM,QLD,"{'KEPSF1': 'Solar', 'KEPBL1': 'Battery', 'KEPBG1': 'Battery', 'KEPWF1': 'Wind'}",-20.872792,144.413034
KERNGSP,Kerang,NEM,VIC,{'KERNGSP1': 'Solar'},-35.779895,143.941051
KIAMSF1,Kiamal,NEM,VIC,{'KIAMSF1': 'Solar'},-35.018133,142.302953
KIATAWF,Kiata,NEM,VIC,{'KIATAWF1': 'Wind'},-36.397693,141.746827
0KIDSTON,Kidston,NEM,QLD,{'0KIDSTON': 'Hydro'},-18.865892,144.15955
KSP1,Kidston,NEM,QLD,{'KSP1': 'Solar'},-18.88,144.151
KINCUMB,Kincumber,NEM,NSW,{'KINCUM1': 'Bioenergy'},-33.477111,151.402603
KINGASF,Kingaroy,NEM,QLD,{'KINGASF1': 'Solar'},-26.537087,151.890398
KOGANCK,Kogan Creek,NEM,QLD,{'KPP_1': 'Coal'},-26.915285,150.748948
KOOLKHAN,Koolkhan,NEM,NSW,{'KKGTS': 'Gas'},,
KESS1,Koorangie,NEM,VIC,"{'KESSB1': 'Battery', 'KESSL1': 'Battery', 'KESSG1': 'Battery'}",-35.735367,143.754813
KRCCOGEN,KRC Cogen,NEM,QLD,{'KRCCOGEN': 'Gas'},-27.57359,151.926883
LADBROKE,Ladbroke Grove,NEM,SA,"{'LADBROK2': 'Gas', 'LADBROK1': 'Gas'}",-37.456183,140.782699
LBBESS,Lake Bonney,NEM,SA,"{'LBBL1': 'Battery', 'LBB1': 'Battery', 'LBBG1': 'Battery'}",-37.738787,140.384672
LKBONNY1,Lake Bonney,NEM,SA,{'LKBONNY1': 'Wind'},-37.760504,140.405541
LKBONNY_2,Lake Bonney 2,NEM,SA,{'LKBONNY2': 'Wind'},-37.760504,140.405541
LKBONNY3,Lake Bonney 3,NEM,SA,{'LKBONNY3': 'Wind'},-37.760504,140.405541
LK_ECHO,Lake Echo,NEM,TAS,{'LK_ECHO': 'Hydro'},-42.253339,146.620515
0LANCSF,Lancaster,NEM,VIC,{'0LANCSF1': 'Solar'},-36.290467,145.141535
LVES,Latrobe Valley,NEM,VIC,"{'LVESG1': 'Battery', 'LVES1': 'Battery', 'LVESL1': 'Battery'}",-38.258183,146.418614
LNGS,Laverton North,NEM,VIC,"{'LNGS1': 'Gas', 'LAVNORTH': 'Gas', 'LNGS2': 'Gas'}",-37.841693,144.788006
LEM_WIL,Lemonthyme / Wilmot,NEM,TAS,{'LEM_WIL': 'Hydro'},-41.483135,146.125338
0LIDDELLBESS,Liddell,NEM,NSW,"{'0LIDDELLBESSG1': 'Battery', '0LIDDELLBESSL1': 'Battery', '0LIDDELLBESS1': 'Battery'}",-32.37564,150.978578
LIDDELL,Liddell,NEM,NSW,"{'LD03': 'Coal', 'LD04': 'Coal', 'LD02': 'Coal', 'LD01': 'Coal'}",-32.369027,150.980112
LILYVASF,Lilyvale,NEM,QLD,{'LILYSF1': 'Solar'},-23.070504,148.413865
0LCNBESS,Limestone Coast North,NEM,SA,"{'0LCNBESS1': 'Battery', '0LCNBESSL1': 'Battery', '0LCNBESSG1': 'Battery'}",-37.733181,140.840805
LIMBESS,Limondale,NEM,NSW,"{'LIMBESS1': 'Battery', 'LIMBESSL1': 'Battery', 'LIMBESSG1': 'Battery'}",-34.769354,143.559464
LIMOSF1,Limondale,NEM,NSW,{'LIMOSF11': 'Solar'},-34.775502,143.508046
LIMOSF2,Limondale 2,NEM,NSW,{'LIMOSF21': 'Solar'},-34.775502,143.508046
LGAPWF1,Lincoln Gap,NEM,SA,"{'LGAPWF2': 'Wind', 'LGAPWF1': 'Wind'}",-32.546333,137.552763
0LOCKHART,Lockhart,NEM,NSW,"{'0LOCKHARTSF': 'Solar', '0LOCKHARTBESS': 'Battery', '0LOCKHARTBESSG1': 'Battery', '0LOCKHARTBESSL1': 'Battery'}",-35.217506,146.70322
LONGFORD,Longford,NEM,VIC,{'LONGFORD': 'Gas'},-38.223244,147.1631
LRSF,Longreach,NEM,QLD,{'LRSF1': 'Solar'},-23.455048,144.227917
LONSDALE,Lonsdale,NEM,SA,{'LONSDALE': 'distillate'},-35.109718,138.490962
0LOTUSCRKWF,Lotus Creek,NEM,QLD,{'0LOTUSCRKWF': 'Wind'},-22.366535,149.27332
LOYYANGA,Loy Yang A,NEM,VIC,"{'LYA1': 'Coal', 'LYA4': 'Coal', 'LYA3': 'Coal', 'LYA2': 'Coal'}",-38.250622,146.576361
LOYYB,Loy Yang B,NEM,VIC,"{'LOYYB2': 'Coal', 'LOYYB1': 'Coal'}",-38.253619,146.585593
LUCASHGT,Lucas Heights,NEM,NSW,{'LUCASHGT': 'Bioenergy'},-34.04829,150.973916
LUCAS2S2,Lucas Heights 2,NEM,NSW,{'LUCAS2S2': 'Bioenergy'},-34.044088,150.972475
MACARTH,Macarthur,NEM,VIC,{'MACARTH1': 'Wind'},-38.043483,142.179081
MCINTYR,MacIntyre,NEM,QLD,{'MCINTYR1': 'Wind'},-28.2163,152.0327
MACKAY,Mackay,NEM,QLD,{'MACKAYGT': 'distillate'},-21.144441,149.159171
MACKNTSH,Mackintosh,NEM,TAS,{'MACKNTSH': 'Hydro'},-41.701363,145.646558
MANSLR,Manildra,NEM,NSW,{'MANSLR1': 'Solar'},-33.172831,148.71824
MANNUMB,Mannum,NEM,SA,"{'MANNUMB1': 'Battery', 'MANNUMBG1': 'Battery', 'MANNUMBL1': 'Battery'}",-34.917537,139.262695
MANNSF,Mannum 2,NEM,SA,{'MANNSF2': 'Solar'},-34.9144,139.2681
MAPS2,Mannum Pumping Station,NEM,SA,"{'MAPS2PV1': 'Solar', 'MAPS3PV1': 'Solar'}",-34.920217,139.314438
MAROOWF1,Maroona,NEM,VIC,{'MAROOWF1': 'Wind'},-37.41875,142.82434
MARYRSF,Maryrorough,NEM,QLD,{'MARYRSF1': 'Solar'},-27.708973,151.546869
0MARYVALE,Maryvale,NEM,NSW,"{'0MVSOLAR1': 'Solar', '0MVBESS1': 'Battery', '0MVBESSG1': 'Battery', '0MVBESSL1': 'Battery'}",-32.465112,148.913306
MEADOWBK,Meadowbank,NEM,TAS,"{'MEADOWBK': 'Hydro', 'MEADOWB2': 'distillate'}",-42.610835,146.846388
0MREH,Melbourne A1,NEM,VIC,"{'MREHAG1': 'Battery', 'MREHA1': 'Battery', 'MREHAL1': 'Battery'}",-37.661274,144.726302
0MREHA2,Melbourne A2,NEM,VIC,"{'MREHAG2': 'Battery', 'MREHAL2': 'Battery', 'MREHA2': 'Battery'}",-37.663934,144.726927
MREHA3,Melbourne A3,NEM,VIC,"{'MREHA3': 'Battery', 'MREHAL3': 'Battery', 'MREHAG3': 'Battery'}",-37.663819,144.726859
METZSF,Metz N,NEM,NSW,{'METZSF1': 'Solar'},-30.4915,151.6701
MIDDLSF1,Middlemount,NEM,QLD,{'MIDDLSF1': 'Solar'},-22.822235,148.720115
MIDLDPS,Midlands,NEM,TAS,{'MIDLDPS1': 'Hydro'},-42.085747,147.274558
MILLMERN,Millmerran,NEM,QLD,"{'MPP_1': 'Coal', 'MPP_2': 'Coal'}",-27.961657,151.28091
MINTARO,Mintaro,NEM,SA,"{'MINTARO': 'Gas', 'MINTNL1': 'Gas'}",-33.903149,138.738797
MOKOSF,Mokoan,NEM,VIC,{'MOKOSF1': 'Solar'},-36.487519,146.122634
MOLNGSF1,Molong,NEM,NSW,{'MOLNGSF1': 'Solar'},-33.082578,148.900073
MOORAWF1,Moorabool,NEM,VIC,{'MOORAWF1': 'Wind'},-37.739433,144.171985
MORANBAH,Moranbah,NEM,QLD,{'MORANBAH': 'Gas'},-21.962469,148.006004
MBAHNTH,Moranbah North,NEM,QLD,{'MBAHNTH': 'Gas'},-21.978481,148.004809
MOREESF,Moree,NEM,NSW,{'MOREESF1': 'Solar'},-29.572607,149.861266
MWPS,Morganwhyalla Pipeline,NEM,SA,"{'MWPS1PV1': 'Solar', 'MWPS2PV1': 'Solar', 'MWPS3PV1': 'Solar', 'MWPS4PV1': 'Solar'}",-33.97382,139.193756
0MORNBESS,Mornington,NEM,VIC,"{'0MORNBESS1': 'Battery', '0MORNBESSL1': 'Battery', '0MORNBESSG1': 'Battery'}",-38.268707,145.204823
MORNW,Mornington Disposal,NEM,VIC,{'MORNW': 'Bioenergy'},-38.392054,144.854791
0MRTLKBESS,Mortlake,NEM,VIC,"{'0MRTLKBESS': 'Battery', '0MRTLKBESSL1': 'Battery', '0MRTLKBESSG1': 'Battery'}",-38.06698,142.669466
MORTLK,Mortlake,NEM,VIC,"{'MORTLK11': 'Gas', 'MORTLK12': 'Gas'}",-38.062628,142.66633
MRTLSWF,Mortlake South,NEM,VIC,{'MRTLSWF1': 'Wind'},-38.147965,142.882246
MLWF,Mortons Lane,NEM,VIC,{'MLWF1': 'Wind'},-37.833186,142.465288
MOUSF,Moura,NEM,QLD,{'MOUSF1': 'Solar'},-24.509628,150.076648
MEWF,Mt Emerald,NEM,QLD,{'MEWF1': 'Wind'},-17.133248,145.380037
MTGELWF,Mt Gellibrand,NEM,VIC,{'MTGELWF1': 'Wind'},-38.257657,143.798651
MTMERCER,Mt Mercer,NEM,VIC,{'MERCER01': 'Wind'},-37.847593,143.870183
MTMILLAR,Mt Millar,NEM,SA,{'MTMILLAR': 'Wind'},-33.619342,136.717568
MP,Mt Piper,NEM,NSW,"{'MP1': 'Coal', 'MP2': 'Coal'}",-33.360715,150.035698
MSTUART,Mt Stuart,NEM,QLD,"{'MSTUART1': 'distillate', 'MSTUART3': 'distillate', 'MSTUART2': 'distillate'}",-19.337156,146.851239
MLLFGEF,Mugga Lane,NEM,NSW,{'MLLFGEF1': 'Bioenergy'},-35.38517,149.137937
MLSP,Mugga Lane,NEM,NSW,{'MLSP1': 'Solar'},-35.398441,149.14906
MM,Munmorah,NEM,NSW,"{'MM4': 'Coal', 'MM3': 'Coal'}",-33.211781,151.542161
MUCRKSF,Munna Creek,NEM,QLD,{'MUCRKSF1': 'Solar'},-25.882106,152.459626
MUWAWF,Murra Warra,NEM,VIC,"{'MUWAWF1': 'Wind', 'MUWAWF2': 'Wind'}",-36.438821,142.246003
MURRAY,Murray,NEM,VIC,{'MURRAY': 'Hydro'},-36.245992,148.188552
MBPS2,Murray Bridge-Onkaparinga,NEM,SA,{'MBPS2PV1': 'Solar'},-35.094093,139.211511
MUSSELRO,Musselroe,NEM,TAS,{'MUSSELR1': 'Wind'},-40.777105,148.006315
NASF,Narromine,NEM,NSW,{'NASF1': 'Solar'},-32.218323,148.254523
NEVERSF,Nevertire,NEM,NSW,{'NEVERSF1': 'Solar'},-31.831044,147.705178
NEWENSF,New England,NEM,NSW,"{'0NEWENBESS1': 'Battery', 'NEWENSF1': 'Solar', 'NEWENSF2': 'Solar', '0NEWENBESSL1': 'Battery', '0NEWENBESSG1': 'Battery'}",-30.627323,151.556425
NEWPORT,Newport,NEM,VIC,{'NPS': 'Gas'},-37.841374,144.895479
NBHWF,North Brown Hill,NEM,SA,{'NBHWF1': 'Wind'},-33.228116,138.716888
NORTHGT,Northern,NEM,NSW,{'NGTS': 'Gas'},,
NORTHP,Northern,NEM,SA,"{'NPS2': 'Coal', 'NPS1': 'Coal', 'NPSNL1': 'Coal', 'NPSNL2': 'Coal'}",-32.5429,137.7874
NUMURKSF,Numurkah,NEM,VIC,{'NUMURSF1': 'Solar'},-36.159275,145.473891
NYNGAN,Nyngan,NEM,NSW,{'NYNGAN1': 'Solar'},-31.563191,147.074195
OAKEY,Oakey,NEM,QLD,"{'OAKEY1': 'Gas', 'OAKEY2': 'Gas'}",-27.418207,151.678887
OAKEY2SF,Oakey 2,NEM,QLD,{'OAKEY2SF': 'Solar'},-27.402454,151.642576
OAKEY1SF,Oakey Solar Farm,NEM,QLD,{'OAKEY1SF': 'Solar'},-27.402454,151.642576
OAKLAND,Oaklands Hill,NEM,VIC,{'OAKLAND1': 'Wind'},-37.679481,142.552995
OCPS,Oaky Creek,NEM,QLD,{'OAKYCREK': 'Gas'},-23.048717,148.484462
OAKY2,Oaky Creek 2,NEM,QLD,{'OAKY2': 'Gas'},-23.048717,148.484462
0ORANABESS,Orana,NEM,NSW,"{'0ORANAB1': 'Battery', '0ORANAL1': 'Battery', '0ORANAG1': 'Battery'}",-32.530421,148.962923
OSBORNE,Osborne,NEM,SA,"{'OSB-AG': 'Gas', 'OSB01': 'Gas', 'OSB02': 'Gas'}",-34.7977,138.508099
PALOONA,Paloona,NEM,TAS,{'PALOONA': 'Hydro'},-41.28268,146.24858
PSF,Parkes,NEM,NSW,{'PARSF1': 'Solar'},-33.113056,148.076372
PEDLER,Pedler Creek,NEM,SA,{'PEDLER1': 'Bioenergy'},-35.202388,138.501214
NPPPPS,Pelican Point,NEM,SA,{'PPCCGT': 'Gas'},-34.764365,138.505399
PIBESS,Phillip Island,NEM,VIC,"{'PIBESSL1': 'Battery', 'PIBESS1': 'Battery', 'PIBESSG1': 'Battery'}",-38.483293,145.22488
PINDARI,Pindari,NEM,NSW,{'PINDARI': 'Hydro'},-29.388034,151.244774
PIONEER,Pioneer Sugar Mill,NEM,QLD,{'PIONEER': 'Bioenergy'},-19.557546,147.330825
PLAYF,Playford B,NEM,SA,"{'PLAYFB3': 'Coal', 'PLAYFB4': 'Coal', 'PLAYFB2': 'Coal', 'PLAYB-AG': 'Coal', 'PLAYFB1': 'Coal'}",-32.538886,137.781822
PTINA,Poatina,NEM,TAS,"{'PO110NL1': 'Hydro', 'POAT220': 'Hydro', 'POAT110': 'Hydro'}",-41.805073,146.924365
PAREPW,Port Augusta Energy Park,NEM,SA,"{'PAREPS1': 'Solar', 'PAREPW1': 'Wind'}",-32.595609,137.885629
0PLWF,Port Latta,NEM,TAS,{'0PLWF1': 'Wind'},-40.871168,145.357293
PORTLATT,Port Latta,NEM,TAS,{'PORTLAT1': 'distillate'},-40.857362,145.384824
PORTLCN,Port Lincoln,NEM,SA,"{'POR01': 'distillate', 'POR03': 'distillate'}",-34.700616,135.80453
STANVAC,Port Stanvac,NEM,SA,"{'STANV2': 'distillate', 'PTSTAN1': 'distillate', 'STANV1': 'distillate'}",-35.110345,138.490872
PORTWF,Portland,NEM,VIC,{'PORTWF': 'Wind'},-38.361417,141.38456
QUARANTN,Quarantine,NEM,SA,"{'QPS5': 'Gas', 'QPS3': 'Gas', 'QPS1': 'Gas', 'QPS2': 'Gas', 'QPS4': 'Gas'}",-34.779074,138.522455
QUERIVER,Que River,NEM,TAS,{'QUERIVE1': 'distillate'},-41.610502,145.544305
QBYNB,Queanbeyan,NEM,NSW,"{'QBYNB1': 'Battery', 'QBYNBG1': 'Battery', 'QBYNBL1': 'Battery'}",-35.339311,149.215101
QP,Quorn Park,NEM,NSW,"{'QPSF': 'Solar', 'QPBESS': 'Battery', 'QPBESSL1': 'Battery', 'QPBESSG1': 'Battery'}",-33.079517,148.089521
RACOMIL,Racecourse Mill,NEM,QLD,{'RACOMIL1': 'Bioenergy'},-21.163842,149.135738
RANGEB,Rangebank,NEM,VIC,"{'RANGEB1': 'Battery', 'RANGEB1G1': 'Battery', 'RANGEB1L1': 'Battery'}",-38.0852,145.259434
REDBANK1,Redbank,NEM,NSW,{'REDBANK1': 'Coal'},-32.58,151.072
REECE,Reece,NEM,TAS,"{'REECE1': 'Hydro', 'REECE2': 'Hydro'}",-41.723131,145.136468
REMOUNT,Remount,NEM,TAS,{'REMOUNT': 'Bioenergy'},-41.398447,147.1495
REPULSE,Repulse,NEM,TAS,{'REPULSE': 'Hydro'},-42.507987,146.64717
0RIVERINASF,Riverina,NEM,NSW,{'0RIVERINASF': 'Solar'},-34.309852,146.105225
RESS,Riverina 1,NEM,NSW,"{'RESS1L': 'Battery', 'RESS1': 'Battery', 'RESS1G': 'Battery'}",-34.646668,146.034982
RIVNB,Riverina 2,NEM,NSW,"{'RIVNB2': 'Battery', 'RIVNBG2': 'Battery', 'RIVNBL2': 'Battery'}",-34.646624,146.035025
ROCHEDAL,Rochedale,NEM,QLD,{'ROCHEDAL': 'Bioenergy'},-27.555798,153.123155
RPCG,Rocky Point Cogen,NEM,QLD,{'RPCG': 'Bioenergy'},-27.733564,153.326464
EDLRGNRD,Roghan Road,NEM,QLD,{'EDLRGNRD': 'Bioenergy'},-27.342062,153.049494
ROMA,Roma,NEM,QLD,"{'ROMA_8': 'Gas', 'ROMA_7': 'Gas'}",-26.576788,148.839485
RRSF,Ross River,NEM,QLD,{'RRSF1': 'Solar'},-19.425305,146.715686
ROWALLAN,Rowallan,NEM,TAS,{'ROWALLAN': 'Hydro'},-41.72957,146.218087
ROYALLA,Royalla,NEM,NSW,{'ROYALLA1': 'Solar'},-35.486052,149.141966
RUBICON,Rubicon,NEM,VIC,{'RUBICON': 'Hydro'},-37.292453,145.818202
RUGBYR,Rugby Run,NEM,QLD,{'RUGBYR1': 'Solar'},-21.940469,147.880877
RYANCWF,Ryan Corner,NEM,VIC,{'RYANCWF1': 'Wind'},-38.271156,142.14003
RYEPARK,Rye Park,NEM,NSW,{'RYEPARK1': 'Wind'},-34.63317,148.95364
SALTCRK,Salt Creek,NEM,VIC,{'SALTCRK1': 'Wind'},-37.918698,142.796027
SAPHWF1,Sapphire,NEM,NSW,{'SAPHWF1': 'Wind'},-29.710273,151.44558
SEBSF,Sebastopol,NEM,NSW,{'SEBSF1': 'Solar'},-34.603287,147.554757
SHEP1,Shepparton,NEM,VIC,{'SHEP1': 'Bioenergy'},-36.322223,145.379291
SHOALHAV,Shoalhaven,NEM,NSW,"{'SHPUMP': 'Hydro', 'SHGEN': 'Hydro'}",-34.733085,150.4667
SHOAL,Shoalhaven Starches,NEM,NSW,{'SHOAL1': 'Gas'},-34.8547,150.6138
STWF,Silverton,NEM,NSW,{'STWF1': 'Wind'},-31.86095,141.296349
SITHE,Smithfield,NEM,NSW,{'SITHE01': 'Gas'},-33.850023,150.950051
SMTHBES1,Smithfield,NEM,NSW,"{'SMTHBES1L1': 'Battery', 'SMTHBES1G1': 'Battery', 'SMTHBES1': 'Battery'}",-33.849972,150.947448
SNAPPER,Snapper Point,NEM,SA,{'SNAPPER1': 'Gas'},-34.76452,138.50819
SNOWTOWN,Snowtown,NEM,SA,{'SNOWTWN1': 'Wind'},-33.691598,138.166022
SNOWNTH,Snowtown North,NEM,SA,{'SNOWNTH1': 'Wind'},-33.756479,138.143043
SNOWSTH,Snowtown South,NEM,SA,{'SNOWSTH1': 'Wind'},-33.862624,138.130367
SNOWY4,Snowy,NEM,NSW,{'SNOWY4': 'Hydro'},,
SNOWY5,Snowy,NEM,NSW,{'SNOWY5': 'Hydro'},,
0SNOWY20,Snowy 2.0,NEM,NSW,"{'0SNOWY201': 'Hydro', '0SNOWY202': 'Hydro'}",-35.745207,148.653852
SNUG,Snuggery,NEM,SA,"{'SNUG1': 'distillate', 'SNUG2': 'distillate', 'SNUG3': 'distillate', 'SNUGNL1': 'distillate'}",-37.664996,140.414686
AGLSOM,Somerton,NEM,VIC,{'AGLSOM': 'Gas'},-37.630949,144.953098
SKSF,South Keswick,NEM,NSW,{'SKSF1': 'Solar'},-32.27286,148.649836
STHBKTEC,Southbank Institute Of Technology,NEM,QLD,{'STHBKTEC': 'distillate'},-27.480589,153.020999
SVALE,Springvale,NEM,VIC,{'SVALE1': 'Bioenergy'},-37.973375,145.139695
STGEORGE,St George Leagues Club,NEM,NSW,{'STGEORG1': 'distillate'},-33.974819,151.129354
SLDCBLK,St Leonards Data Centre,NEM,TAS,{'SLDCBLK1': 'Battery'},-41.440151,147.174429
0STANBESS,Stanwell,NEM,QLD,"{'0STANBESS1': 'Battery', '0STANBESSL1': 'Battery', '0STANBESSG1': 'Battery'}",-23.513568,150.31811
STANWELL,Stanwell,NEM,QLD,"{'STAN-1': 'Coal', 'STAN-4': 'Coal', 'STAN-3': 'Coal', 'STAN-2': 'Coal'}",-23.507501,150.317884
STAPYLTON,Stapylton,NEM,QLD,{'STAPYLTON1': 'Bioenergy'},-27.736111,153.245931
STARFHILL,Starfish Hill,NEM,SA,{'STARHLWF': 'Wind'},-35.578983,138.139653
STOCKYD,Stockyard Hill,NEM,VIC,{'STOCKYD1': 'Wind'},-37.53568,143.252548
STUBSF,Stubbo,NEM,NSW,"{'STUBSF2': 'Solar', 'STUBSF1': 'Solar'}",-32.26254,149.589068
0SUMMFBESS,Summerfield,NEM,SA,"{'0SUMMFBESS1': 'Battery', '0SUMMFBESSL1': 'Battery', '0SUMMFBESSG1': 'Battery'}",-34.9538,139.21502
SMCSF,Sun Metals,NEM,QLD,{'SMCSF1': 'Solar'},-19.437318,146.696015
SUNCOAST,Suncoast Gold Macadamias,NEM,QLD,{'SUNCOAST': 'Bioenergy'},,
SUNRSF1,Sunraysia,NEM,NSW,{'SUNRSF1': 'Solar'},-34.821489,143.50916
VALDORA,Sunshine Coast,NEM,QLD,{'VALDORA1': 'Solar'},-26.560799,153.025947
SUNTPSF,Suntop,NEM,NSW,{'SUNTPSF1': 'Solar'},-32.5742,148.860469
SNB1,Supernode,NEM,QLD,"{'SNBG01': 'Battery', 'SNB01': 'Battery', 'SNBL01': 'Battery'}",-27.458521,153.111745
0SUPERNODE2,Supernode 2,NEM,QLD,"{'SNB02': 'Battery', 'SNBL02': 'Battery', 'SNBG02': 'Battery'}",-27.449227,153.112538
SRSF,Susan River,NEM,QLD,{'SRSF1': 'Solar'},-25.420275,152.742028
0SWANBBESS,Swanbank,NEM,QLD,"{'0SWANBBESS1': 'Battery', '0SWANBBESSL1': 'Battery', '0SWANBBESSG1': 'Battery'}",-27.65619,152.817139
SWAN_B,Swanbank B,NEM,QLD,"{'SWAN_A_6': 'Gas', 'SWAN_A_3': 'Gas', 'SWAN_B_2': 'Coal', 'SWAN_B_1': 'Coal', 'SWAN_B_3': 'Coal', 'SWAN_A_4': 'Gas', 'SWAN_A_2': 'Gas', 'SWAN_B_4': 'Coal', 'MRIDGE': 'Gas', 'SWAN_A_5': 'Gas', 'SWAN_C': 'Gas', 'SWAN_D': 'Gas', 'SWAN_A_1': 'Gas'}",-27.655286,152.818644
SWAN_E,Swanbank E,NEM,QLD,{'SWAN_E': 'Gas'},-27.655286,152.818644
TABMILL2,Tableland Mill,NEM,QLD,{'TABMILL2': 'Bioenergy'},-17.119813,145.34513
TAHMOOR,Tahmoor,NEM,NSW,{'TAHMOOR1': 'Gas'},-34.249117,150.577718
TBSF,Tailem Bend,NEM,SA,{'TBSF1': 'Solar'},-35.28,139.49
TB2SF,Tailem Bend 2,NEM,SA,"{'TB2B1': 'Battery', 'TB2SF1': 'Solar', 'TB2BG1': 'Battery', 'TB2BL1': 'Battery'}",-35.28,139.49
TALLAWAR,Tallawarra,NEM,NSW,{'TALWA1': 'Gas'},-34.523089,150.808566
TALWB,Tallawarra B,NEM,NSW,{'TALWB1': 'Gas'},-34.524833,150.806579
TVCCPS,Tamar Valley,NEM,TAS,{'TVCC201': 'Gas'},-41.139268,146.906185
TARALGA,Taralga,NEM,NSW,{'TARALGA1': 'Wind'},-34.425387,149.859603
0TARONGBESS,Tarong,NEM,QLD,"{'TARBESSL1': 'Battery', 'TARBESSG1': 'Battery', 'TARBESS1': 'Battery'}",-26.780051,151.912068
TARONG,Tarong,NEM,QLD,"{'TARONG#2': 'Coal', 'TARONG#3': 'Coal', 'TARONG#4': 'Coal', 'TARONG#1': 'Coal'}",-26.774397,151.917838
TARONGN,Tarong North,NEM,QLD,{'TNPS1': 'Coal'},-26.774397,151.917838
TARRALEA,Tarraleah,NEM,TAS,{'TARRALEA': 'Hydro'},-42.301736,146.456661
TATIARA,Tataria,NEM,SA,{'TATIARA1': 'distillate'},-36.326977,140.737035
TATURA,Tatura,NEM,VIC,{'TATURA01': 'Bioenergy'},-36.47915,145.235037
TEATREE,Tea Tree Gully,NEM,SA,{'TEATREE1': 'Bioenergy'},,
TEMPB,Templers,NEM,SA,"{'TEMPB1': 'Battery', 'TEMPBL1': 'Battery', 'TEMPBG1': 'Battery'}",-34.464594,138.77013
SATGN,Temporary Generation North,NEM,SA,{'SATGN1': 'distillate'},-34.719707,138.668425
SATGS,Temporary Generation South,NEM,SA,{'SATGS1': 'distillate'},-35.096799,138.483997
TERALBA,Teralba,NEM,NSW,{'TERALBA': 'Gas'},-32.945557,151.612042
0TERANGBESS,Terang,NEM,VIC,"{'0TERANGBESS1': 'Battery', '0TERANGBESSL1': 'Battery', '0TERANGBESSG1': 'Battery'}",-38.231839,142.933262
TERMSTOR,Terminal,NEM,SA,{'TERMSTOR': 'Hydro'},-34.84014,138.712137
BLUFF,The Bluff,NEM,SA,{'BLUFF1': 'Wind'},-33.367741,138.79379
THEDROP,The Drop,NEM,NSW,{'THEDROP1': 'Hydro'},-35.973527,145.999274
0TILBSF,Tilbuster,NEM,NSW,{'0TILBSF': 'Solar'},-30.382963,151.658909
TIMWEST,Timboon West,NEM,VIC,{'TIMWEST': 'Wind'},-38.528351,142.916231
0TOMAGOBESS,Tomago,NEM,NSW,"{'0TOMAGOBESSB1': 'Battery', '0TOMAGOBESSG1': 'Battery', '0TOMAGOBESSL1': 'Battery'}",-32.814277,151.706523
TOORAWF,Toora,NEM,VIC,{'TOORAWF': 'Wind'},-38.653528,146.339774
TIB,Torrens Island,NEM,SA,"{'TIBG1': 'Battery', 'TIB1': 'Battery', 'TIBL1': 'Battery'}",-34.805831,138.524192
TORRIS,Torrens Island,NEM,SA,"{'TORRB4': 'Gas', 'TORRB3': 'Gas', 'TORRA4': 'Gas', 'TORRB2': 'Gas', 'TORRB1': 'Gas', 'TORRA1': 'Gas', 'TORRA2': 'Gas', 'TORRA3': 'Gas'}",-34.804559,138.522229
TOWER,Tower,NEM,NSW,{'TOWER': 'Gas'},-34.219461,150.718012
YABULU,Townsville,NEM,QLD,"{'YABULU': 'Gas', 'YABULU2': 'Gas'}",-19.200374,146.618265
TGNSS,Traralgon Network Support,NEM,VIC,{'TGNSS1': 'Gas'},-37.833513,144.965955
TREVALLN,Trevallyn,NEM,TAS,{'TREVALLN': 'Hydro'},-41.422302,147.112025
TRIBUTE,Tribute,NEM,TAS,"{'TRIBUTE': 'Hydro', 'TRIBNL1': 'Hydro'}",-41.811468,145.653252
TULLYSM,Tully Sugar Mill,NEM,QLD,{'TULLYSM1': 'Bioenergy'},-17.937329,145.92739
SNOWY2,Tumut,NEM,NSW,"{'UPPTUMUT': 'Hydro', 'SNOWY2': 'Hydro'}",-35.953492,148.369693
TUMUT3,Tumut 3,NEM,NSW,"{'SNOWYP': 'Hydro', 'TUMUT3': 'Hydro', 'TUMUT3-4': 'Hydro', 'TUMUT3-6': 'Hydro', 'TUMUT3-5': 'Hydro', 'TUMUT3-3': 'Hydro', 'TUMUT3-1': 'Hydro', 'TUMUT3-2': 'Hydro'}",-35.610817,148.292644
TUNGATIN,Tungatinah,NEM,TAS,{'TUNGATIN': 'Hydro'},-42.296396,146.455881
ULBESS,Ulinda Park,NEM,QLD,"{'ULPBESSL1': 'Battery', 'ULPBESS1': 'Battery', 'ULPBESSG1': 'Battery'}",-26.92635,150.717472
URANQ,Uranquinty,NEM,NSW,"{'URANQ12': 'Gas', 'URANQ14': 'Gas', 'URANQ11': 'Gas', 'URANQ13': 'Gas'}",-35.180226,147.21566
0UUNGULAWF,Uungula,NEM,NSW,{'0UUNGULAWF': 'Wind'},-32.551969,149.161325
VP,Vales Point B,NEM,NSW,"{'VP6': 'Coal', 'VP5': 'Coal'}",-33.164639,151.544116
VPGS,Valley Power Peaking,NEM,VIC,"{'LYGS6': 'Gas', 'VPGS1': 'Gas', 'VPGS6': 'Gas', 'VPGS4': 'Gas', 'VPGS3': 'Gas', 'LYGS3': 'Gas', 'LYGS4': 'Gas', 'VPGS5': 'Gas', 'VPGS2': 'Gas', 'LYGS1': 'Gas', 'LYGS2': 'Gas', 'LYGS5': 'Gas', 'VPGS': 'Gas'}",-38.252601,146.588906
TITREE,Veolia Ti Tree,NEM,QLD,{'TITREE': 'Bioenergy'},-27.695551,152.650313
VICMILL,Victoria Mill,NEM,QLD,{'VICMILL1': 'Bioenergy'},-18.650208,146.200866
VBB,Victorian Big Battery,NEM,VIC,"{'VBBG1': 'Battery', 'VBBL1': 'Battery', 'VBB1': 'Battery'}",-38.03828,144.291003
WAGGNSF,Wagga North,NEM,NSW,{'WAGGNSF1': 'Solar'},-35.069081,147.438227
WLWLSF,Walla Walla,NEM,NSW,"{'WLWLSF2': 'Solar', 'WLWLSF1': 'Solar'}",-35.746481,146.961838
WW,Wallerawang,NEM,NSW,"{'WW7': 'Coal', 'WW8': 'Coal'}",-33.403889,150.084444
WALGRV,Wallgrove,NEM,NSW,"{'WALGRV1': 'Battery', 'WALGRVL1': 'Battery', 'WALGRVG1': 'Battery'}",-33.817476,150.827276
PRDSO_WALPOLE,Walpole,NEM,WE,{'PRDSO_WALPOLE_HG1': 'Hydro'},-34.988023,116.722925
0WAMBOWF,Wambo,NEM,QLD,"{'0WAMBOWF2': 'Wind', 'WAMBOWF1': 'Wind'}",-26.603045,151.246876
WANDSF,Wandoan,NEM,QLD,"{'0WANDSF2': 'Solar', 'WANDSF1': 'Solar'}",-26.263564,149.772243
WANDBG,Wandoan South,NEM,QLD,"{'WANDB1': 'Battery', 'WANDBG1': 'Battery', 'WANDBL1': 'Battery'}",-26.263986,149.772871
WNSF,Wangaratta,NEM,VIC,{'WNSF1': 'Solar'},-36.326757,146.359901
WTAHB,Waratah Super Battery,NEM,NSW,"{'WTAHB1L1': 'Battery', 'WTAHB1': 'Battery', 'WTAHB1G1': 'Battery'}",-33.209781,151.544911
WG,Warragamba,NEM,NSW,{'WG01': 'Hydro'},-33.883064,150.595436
WARWSF,Warwick,NEM,QLD,"{'WARWSF2': 'Solar', 'WARWSF1': 'Solar'}",-28.18321,152.066792
WATERLWF,Waterloo,NEM,SA,{'WATERLWF': 'Wind'},-33.991095,138.915723
WPWF,Wattle Point,NEM,SA,{'WPWF': 'Wind'},-35.11541,137.718672
WAUBRAWF,Waubra,NEM,VIC,{'WAUBRAWF': 'Wind'},-37.357979,143.5926
WELLSF1,Wellington,NEM,NSW,{'WELLSF1': 'Solar'},-32.5207,148.9675
WELNSF,Wellington North,NEM,NSW,{'WELNSF1': 'Solar'},-32.514353,148.957634
WEMENSF1,Wemen,NEM,VIC,{'WEMENSF1': 'Solar'},-34.80259,142.543348
WESTILLA,West Illawarra Leagues Club,NEM,NSW,{'WESTILL1': 'distillate'},-34.451645,150.843037
WKIEWA,West Kiewa,NEM,VIC,"{'WKIEWA2': 'Hydro', 'WKIEWA1': 'Hydro'}",-36.759674,147.186082
AGLNOW1,West Nowra,NEM,NSW,{'AGLNOW1': 'Bioenergy'},-34.882318,150.551075
WSTWYSF,West Wyalong,NEM,NSW,{'WSTWYSF1': 'Solar'},-33.795635,147.314545
WDBESS,Western Downs,NEM,QLD,"{'WDBESS1': 'Battery', 'WDBESSL1': 'Battery', 'WDBESSG1': 'Battery'}",-26.952008,150.694188
WDGPH,Western Downs,NEM,QLD,{'WDGPH1': 'Solar'},-26.927922,150.601542
WDBESS2,Western Downs 2,NEM,QLD,"{'WDBESSL2': 'Battery', 'WDBESS2': 'Battery', 'WDBESSG2': 'Battery'}",-26.951989,150.694141
WESTCBT,Western Suburbs League Club,NEM,NSW,{'WESTCBT1': 'distillate'},-34.051073,150.832757
WRSF1,White Rock Solar Farm,NEM,NSW,{'WRSF1': 'Solar'},-29.763292,151.552402
WRWF1,White Rock Wind Farm,NEM,NSW,{'WRWF1': 'Wind'},-29.7718,151.5755
WHITSF,Whitsunday,NEM,QLD,{'WHITSF1': 'Solar'},-20.537259,147.80475
WHIT1,Whitwood Road,NEM,QLD,{'WHIT1': 'Bioenergy'},-27.620454,152.824409
WILGAPK,Wilga Park,NEM,NSW,{'WILGAPK': 'Gas'},-30.314444,149.652768
WILGAPKB,Wilga Park B,NEM,NSW,{'WILGB01': 'Gas'},-30.314444,149.652768
WILLHOV,William Hovel,NEM,VIC,{'WILLHOV1': 'Hydro'},-36.925216,146.389418
0WDBESS,Williamsdale,NEM,NSW,"{'0WDBESS1': 'Battery', '0WDBESSL1': 'Battery', '0WDBESSG1': 'Battery'}",-35.57458,149.131993
WGWF,Willogoleche,NEM,SA,{'WGWF1': 'Wind'},-33.393569,138.84821
NINEWIL,Willoughby,NEM,NSW,{'NINEWIL1': 'distillate'},-33.810858,151.196599
WINDHILL,Windy Hill,NEM,QLD,{'WHILL1': 'Wind'},-17.590399,145.52968
WINGF1,Wingfield,NEM,SA,{'WINGF1_1': 'Bioenergy'},-34.835138,138.548949
WINGF2,Wingfield 2,NEM,SA,{'WINGF2_1': 'Bioenergy'},-34.835138,138.548949
WINTSF1,Winton,NEM,VIC,{'WINTSF1': 'Solar'},-36.499695,146.114554
WIVENHOE,Wivenhoe,NEM,QLD,"{'PUMP1': 'Hydro', 'W/HOE#1': 'Hydro', 'PUMP2': 'Hydro', 'W/HOE#2': 'Hydro'}",-27.372224,152.632362
WIVENSH,Wivenhoe,NEM,QLD,{'WIVENSH': 'Hydro'},-27.394592,152.609237
WOLARSF,Wollar,NEM,NSW,{'WOLARSF1': 'Solar'},-32.407631,149.940737
WOLLERT,Wollert,NEM,VIC,{'WOLLERT1': 'Bioenergy'},-37.591792,145.043033
WONWP,Wonthaggi,NEM,VIC,{'WONWP': 'Wind'},-38.60513,145.546292
WDLNGN,Woodlawn,NEM,NSW,{'WDLNGN01': 'Bioenergy'},-35.05928,149.5749
WOODLWN,Woodlawn,NEM,NSW,{'WOODLWN1': 'Wind'},-35.081675,149.570511
WOOLNTH1,Woolnorth,NEM,TAS,{'WOOLNTH1': 'Wind'},-40.736375,144.694821
WOOLGSF,Woolooga,NEM,QLD,"{'0WOOLGB1': 'Battery', '0WOOLGBG1': 'Battery', '0WOOLGBL1': 'Battery', 'WOOLGSF1': 'Solar'}",-26.084522,152.441226
0WOORBESS,Wooreen,NEM,VIC,"{'0WESSB1': 'Battery', '0WESSL1': 'Battery', '0WESSG1': 'Battery'}",-38.27376,146.427729
WOYWOY,Woy Woy,NEM,NSW,{'WOYWOY1': 'Bioenergy'},-33.506914,151.291606
WUNUSF,Wunghnu,NEM,VIC,{'WUNUSF1': 'Solar'},-36.164387,145.403731
WYASF,Wyalong,NEM,NSW,{'WYASF1': 'Solar'},-33.804939,147.295155
WYANGALA,Wyangala A,NEM,NSW,{'WYANGALA': 'Hydro'},-33.980371,148.947377
WYANGALB,Wyangala B,NEM,NSW,{'WYANGALB': 'Hydro'},-33.980371,148.947377
WYNDW,Wyndham,NEM,VIC,{'WYNDW': 'Bioenergy'},-37.935372,144.5898
YALLOURN,Yallourn W,NEM,VIC,"{'YWPS1': 'Coal', 'YWPS4': 'Coal', 'YWPS3': 'Coal', 'YWPS2': 'Coal'}",-38.177596,146.347508
YSWF,Yaloak South,NEM,VIC,{'YSWF1': 'Wind'},-37.716474,144.241947
YAMBUK,Yambuk,NEM,VIC,{'YAMBUKWF': 'Wind'},-38.305278,142.018439
YARANSF,Yarranlea,NEM,QLD,{'YARANSF1': 'Solar'},-27.708939,151.532696
YWNGAHYD,Yarrawonga,NEM,VIC,{'YWNGAHYD': 'Hydro'},-36.009466,145.999568
YARWUN,Yarwun,NEM,QLD,{'YARWUN_1': 'Gas'},-23.8302,151.149692
YATSF1,Yatpool,NEM,VIC,{'YATSF1': 'Solar'},-34.38073,142.20534
YAWWF,Yawong,NEM,VIC,{'YAWWF1': 'Wind'},-36.471022,143.361722
YENDONWF,Yendon,NEM,VIC,{'YENDWF1': 'Wind'},-37.630952,144.022463
